animal_id,trial_type,perc_cor,mt,er_mt
dw01,go,0.744939271,0.501765625,0.552214286
dw01,go,0.744939271,0.501765625,0.552214286
dw01,go,0.744939271,0.501765625,0.552214286
dw01,go,0.75,0.506266993,0.582605392
dw01,go,0.75,0.506266993,0.582605392
dw01,go,0.75,0.506266993,0.582605392
dw01,go,0.686170213,0.500032655,0.552073922
dw01,go,0.686170213,0.500032655,0.552073922
dw01,go,0.686170213,0.500032655,0.552073922
dw01,go,0.686170213,0.500032655,0.552073922
dw01,go,0.686170213,0.500032655,0.552073922
dw01,go,0.686170213,0.500032655,0.552073922
dw01,go,0.769491525,0.498825661,0.549444615
dw01,go,0.753246753,0.48391954,0.510674561
dw01,go,0.753246753,0.48391954,0.510674561
dw01,go,0.753246753,0.48391954,0.510674561
dw01,go,0.753246753,0.48391954,0.510674561
dw01,go,0.753246753,0.48391954,0.510674561
dw01,go,0.752066116,0.453466758,0.452796667
dw01,go,0.738410596,0.643434978,0.698752848
dw01,go,0.738410596,0.643434978,0.698752848
dw01,go,0.676056338,0.526316875,0.609367391
dw01,go,0.676056338,0.526316875,0.609367391
dw01,go,0.676056338,0.526316875,0.609367391
dw01,go,0.676056338,0.526316875,0.609367391
dw01,go,0.691642651,0.559563125,0.551186916
dw01,go,0.715469613,0.563405792,0.548119417
dw01,go,0.715469613,0.563405792,0.548119417
dw01,go,0.715469613,0.563405792,0.548119417
dw01,go,0.715469613,0.563405792,0.548119417
dw01,go,0.715469613,0.563405792,0.548119417
dw01,go,0.715469613,0.563405792,0.548119417
dw01,go,0.754098361,0.713716033,0.781532083
dw01,go,0.637393768,0.623740222,0.629226563
dw01,go,0.637393768,0.623740222,0.629226563
dw01,go,0.637393768,0.623740222,0.629226563
dw01,go,0.637393768,0.623740222,0.629226563
dw01,go,0.653198653,0.501998067,0.584334223
dw01,go,0.653198653,0.501998067,0.584334223
dw01,go,0.653198653,0.501998067,0.584334223
dw01,go,0.653198653,0.501998067,0.584334223
dw01,go,0.653198653,0.501998067,0.584334223
dw01,go,0.653198653,0.501998067,0.584334223
dw01,go,0.681381958,0.508390211,0.583406132
dw01,go,0.681381958,0.508390211,0.583406132
dw01,go,0.677777778,0.457839344,0.504123491
dw01,go,0.677777778,0.457839344,0.504123491
dw01,go,0.677777778,0.457839344,0.504123491
dw01,go,0.677777778,0.457839344,0.504123491
dw01,go,0.677777778,0.457839344,0.504123491
dw01,go,0.677777778,0.457839344,0.504123491
dw01,go,0.677777778,0.457839344,0.504123491
dw01,go,0.760217984,0.476976971,0.547211648
dw01,go,0.760217984,0.476976971,0.547211648
dw01,go,0.760217984,0.476976971,0.547211648
dw01,go,0.760217984,0.476976971,0.547211648
dw01,go,0.754940711,0.511964529,0.507682258
dw01,go,0.751131222,0.466188855,0.533367593
dw01,go,0.7475,0.555929431,0.637756931
dw01,go,0.7475,0.555929431,0.637756931
dw01,go,0.87195122,0.520946853,0.599614286
dw01,go,0.87195122,0.520946853,0.599614286
dw01,go,0.87195122,0.520946853,0.599614286
dw01,go,0.807228916,0.365202114,0.426205319
dw01,go,0.807228916,0.365202114,0.426205319
dw01,go,0.807228916,0.365202114,0.426205319
dw01,go,0.807228916,0.365202114,0.426205319
dw01,go,0.807228916,0.365202114,0.426205319
dw01,go,0.688571429,0.424503008,0.423754398
dw01,go,0.688571429,0.424503008,0.423754398
dw01,go,0.688571429,0.424503008,0.423754398
dw01,go,0.688571429,0.424503008,0.423754398
dw01,go,0.688571429,0.424503008,0.423754398
dw01,go,0.688571429,0.424503008,0.423754398
dw01,go,0.746411483,0.512639744,0.468729327
dw01,go,0.746411483,0.512639744,0.468729327
dw01,go,0.746411483,0.512639744,0.468729327
dw01,go,0.746411483,0.512639744,0.468729327
dw01,go,0.804794521,0.631295745,0.663457895
dw01,go,0.789808917,0.447826815,0.443669697
dw01,go,0.789808917,0.447826815,0.443669697
dw01,go,0.698113208,0.453879054,0.458966139
dw01,go,0.698113208,0.453879054,0.458966139
dw01,go,0.698113208,0.453879054,0.458966139
dw01,go,0.698113208,0.453879054,0.458966139
dw01,go,0.698113208,0.453879054,0.458966139
dw01,go,0.698113208,0.453879054,0.458966139
dw01,go,0.609053498,0.518789865,0.557731383
dw01,go,0.609053498,0.518789865,0.557731383
dw01,go,0.609053498,0.518789865,0.557731383
dw01,go,0.609053498,0.518789865,0.557731383
dw01,go,0.644385027,0.554060477,0.614361364
dw01,go,0.644385027,0.554060477,0.614361364
dw01,go,0.644385027,0.554060477,0.614361364
dw01,go,0.644385027,0.554060477,0.614361364
dw01,go,0.644385027,0.554060477,0.614361364
dw01,go,0.71957672,0.512536213,0.562737264
dw01,go,0.71957672,0.512536213,0.562737264
dw01,go,0.71957672,0.512536213,0.562737264
dw01,go,0.71957672,0.512536213,0.562737264
dw01,go,0.71957672,0.512536213,0.562737264
dw01,go,0.71957672,0.512536213,0.562737264
dw01,go,0.870192308,0.398032597,0.461526852
dw01,go,0.702179177,0.455538448,0.541514583
dw01,go,0.702179177,0.455538448,0.541514583
dw01,go,0.723646724,0.52085374,0.56129768
dw01,go,0.723646724,0.52085374,0.56129768
dw01,go,0.723646724,0.52085374,0.56129768
dw01,go,0.570731707,0.818989957,0.808863218
dw01,go,0.535519126,0.953650765,1.02612381
dw01,go,0.724489796,0.753093662,0.837366358
dw01,go,0.724489796,0.753093662,0.837366358
dw01,go,0.724489796,0.753093662,0.837366358
dw01,go,0.724489796,0.753093662,0.837366358
dw01,go,0.724489796,0.753093662,0.837366358
dw01,go,0.7,0.834727619,0.901123295
dw01,go,0.7,0.834727619,0.901123295
dw01,go,0.7,0.834727619,0.901123295
dw01,go,0.7,0.834727619,0.901123295
dw01,go,0.505882353,0.700161434,0.46543435
dw01,go,0.467836257,0.654504062,0.531491944
dw01,go,0.467836257,0.654504062,0.531491944
dw01,go,0.467836257,0.654504062,0.531491944
dw01,go,0.467836257,0.654504062,0.531491944
dw01,go,0.467836257,0.654504062,0.531491944
dw01,go,0.471428571,1.763861111,1.836436136
dw01,go,0.507614213,0.8385665,0.807723034
dw01,go,0.633027523,0.698024819,0.753862338
dw01,go,0.63902439,0.815366221,0.967852465
dw01,go,0.63902439,0.815366221,0.967852465
dw01,go,0.63902439,0.815366221,0.967852465
dw01,go,0.627118644,0.926823311,0.963890294
dw01,go,0.627118644,0.926823311,0.963890294
dw01,go,0.627118644,0.926823311,0.963890294
dw01,go,0.574585635,1.023052163,1.027907246
dw01,go,0.574585635,1.023052163,1.027907246
dw01,go,0.645418327,0.726723457,0.838708133
dw01,go,0.645418327,0.726723457,0.838708133
dw01,go,0.645418327,0.726723457,0.838708133
dw01,go,0.65917603,0.691233949,0.845947159
dw01,go,0.65917603,0.691233949,0.845947159
dw01,go,0.65917603,0.691233949,0.845947159
dw01,go,0.583333333,0.79623961,0.791573558
dw01,go,0.717488789,0.715155313,1.341967063
dw01,go,0.717488789,0.715155313,1.341967063
dw01,go,0.717488789,0.715155313,1.341967063
dw01,go,0.528089888,1.27980133,1.59424529
dw01,go,0.649805447,0.683792665,0.714930337
dw01,go,0.649805447,0.683792665,0.714930337
dw01,go,0.677316294,0.606468396,0.627594697
dw01,go,0.677316294,0.606468396,0.627594697
dw01,go,0.677316294,0.606468396,0.627594697
dw01,go,0.677316294,0.606468396,0.627594697
dw01,go,0.677316294,0.606468396,0.627594697
dw01,go,0.68627451,0.550934048,0.56310266
dw02,go,0.68627451,0.550934048,0.56310266
dw02,go,0.68627451,0.550934048,0.56310266
dw02,go,0.68627451,0.550934048,0.56310266
dw02,go,0.68627451,0.550934048,0.56310266
dw02,go,0.68627451,0.550934048,0.56310266
dw02,go,0.68627451,0.550934048,0.56310266
dw02,go,0.496575342,0.432510345,0.379532759
dw02,go,0.634615385,0.404229394,0.392698936
dw02,go,0.634615385,0.404229394,0.392698936
dw02,go,0.675531915,0.572670866,0.63457623
dw02,go,0.675531915,0.572670866,0.63457623
dw02,go,0.675531915,0.572670866,0.63457623
dw02,go,0.713615023,0.533840461,0.540689344
dw02,go,0.582375479,0.607314638,0.683961792
dw02,go,0.652631579,0.506882661,0.473624495
dw02,go,0.652631579,0.506882661,0.473624495
dw02,go,0.652631579,0.506882661,0.473624495
dw03,go,0.652631579,0.506882661,0.473624495
dw05,go,0.538961039,0.627548494,0.582816786
dw05,go,0.538961039,0.627548494,0.582816786
dw05,go,0.538961039,0.627548494,0.582816786
dw05,go,0.643724696,0.645332233,0.652408621
dw05,go,0.643724696,0.645332233,0.652408621
dw05,go,0.643724696,0.645332233,0.652408621
dw05,go,0.689655172,0.63896575,0.673909659
dw05,go,0.79787234,0.550007333,0.632637162
dw05,go,0.405063291,0.686147266,0.829115083
dw05,go,0.405063291,0.686147266,0.829115083
dw05,go,0.33015873,0.877499038,0.928681653
dw05,go,0.33015873,0.877499038,0.928681653
dw05,go,0.33015873,0.877499038,0.928681653
dw05,go,0.575342466,0.768114087,0.855117033
dw05,go,0.694630872,0.57831872,0.650294382
dw05,go,0.694630872,0.57831872,0.650294382
dw05,go,0.694630872,0.57831872,0.650294382
dw05,go,0.694630872,0.57831872,0.650294382
dw05,go,0.694630872,0.57831872,0.650294382
dw05,go,0.643835616,0.645623404,0.606730769
dw05,go,0.643835616,0.645623404,0.606730769
dw05,go,0.643835616,0.645623404,0.606730769
dw05,go,0.643835616,0.645623404,0.606730769
dw05,go,0.643835616,0.645623404,0.606730769
dw05,go,0.643835616,0.645623404,0.606730769
dw05,go,0.575079872,0.531483333,0.600273684
dw05,go,0.575079872,0.531483333,0.600273684
dw05,go,0.575079872,0.531483333,0.600273684
dw05,go,0.575079872,0.531483333,0.600273684
dw05,go,0.575079872,0.531483333,0.600273684
dw05,go,0.575079872,0.531483333,0.600273684
dw05,go,0.533936652,0.8651375,0.97949575
dw05,go,0.676282051,0.640800355,0.73026325
dw05,go,0.676282051,0.640800355,0.73026325
dw05,go,0.72173913,0.681701054,0.824555242
dw05,go,0.741258741,0.553543632,0.527095833
dw05,go,0.741258741,0.553543632,0.527095833
dw05,go,0.741258741,0.553543632,0.527095833
dw05,go,0.741258741,0.553543632,0.527095833
dw06,go,0.741258741,0.553543632,0.527095833
dw06,go,0.578125,0.583693356,0.653787107
dw06,go,0.578125,0.583693356,0.653787107
dw06,go,0.726443769,0.558739121,0.593847472
dw06,go,0.726443769,0.558739121,0.593847472
dw06,go,0.726443769,0.558739121,0.593847472
dw06,go,0.726443769,0.558739121,0.593847472
dw06,go,0.726443769,0.558739121,0.593847472
dw06,go,0.726443769,0.558739121,0.593847472
dw06,go,0.764044944,0.501851103,0.518244262
dw06,go,0.764044944,0.501851103,0.518244262
dw06,go,0.764044944,0.501851103,0.518244262
dw06,go,0.75974026,0.519575,0.561164527
dw06,go,0.75974026,0.519575,0.561164527
dw06,go,0.75974026,0.519575,0.561164527
dw06,go,0.75974026,0.519575,0.561164527
dw06,go,0.75974026,0.519575,0.561164527
dw06,go,0.75974026,0.519575,0.561164527
dw06,go,0.75974026,0.519575,0.561164527
dw06,go,0.75974026,0.519575,0.561164527
dw06,go,0.75974026,0.519575,0.561164527
dw06,go,0.75974026,0.519575,0.561164527
dw06,go,0.507246377,0.520993714,0.551633459
dw06,go,0.489655172,0.536448944,0.616687903
dw06,go,0.489655172,0.536448944,0.616687903
dw06,go,0.557939914,0.429430962,0.66294802
dw06,go,0.723684211,0.513439205,0.548367763
dw06,go,0.723684211,0.513439205,0.548367763
dw06,go,0.723684211,0.513439205,0.548367763
dw06,go,0.726495726,0.472748971,0.563932787
dw06,go,0.726495726,0.472748971,0.563932787
dw06,go,0.726495726,0.472748971,0.563932787
dw06,go,0.726495726,0.472748971,0.563932787
dw06,go,0.726495726,0.472748971,0.563932787
dw06,go,0.635483871,0.509422208,0.531363616
dw06,go,0.635483871,0.509422208,0.531363616
dw06,go,0.635483871,0.509422208,0.531363616
dw06,go,0.635483871,0.509422208,0.531363616
dw06,go,0.635483871,0.509422208,0.531363616
dw06,go,0.753303965,0.560414766,0.649400446
dw06,go,0.753303965,0.560414766,0.649400446
dw06,go,0.753303965,0.560414766,0.649400446
dw06,go,0.661721068,0.611259305,0.678204605
dw06,go,0.687315634,0.515879399,0.588924292
dw06,go,0.687315634,0.515879399,0.588924292
dw06,go,0.687315634,0.515879399,0.588924292
dw06,go,0.71641791,0.537632161,0.584463487
dw06,go,0.71641791,0.537632161,0.584463487
dw06,go,0.71641791,0.537632161,0.584463487
dw06,go,0.71641791,0.537632161,0.584463487
dw06,go,0.71641791,0.537632161,0.584463487
dw06,go,0.71641791,0.537632161,0.584463487
dw06,go,0.71641791,0.537632161,0.584463487
dw06,go,0.71641791,0.537632161,0.584463487
dw06,go,0.71641791,0.537632161,0.584463487
dw06,go,0.596899225,0.382949188,0.425280529
dw06,go,0.596899225,0.382949188,0.425280529
dw06,go,0.596899225,0.382949188,0.425280529
dw06,go,0.583333333,0.508041667,0.469927667
dw06,go,0.583333333,0.508041667,0.469927667
dw06,go,0.681681682,0.46663293,0.472144811
dw06,go,0.677018634,0.491756193,0.52785625
dw06,go,0.675213675,0.499713608,0.603601389
dw06,go,0.675213675,0.499713608,0.603601389
dw06,go,0.675213675,0.499713608,0.603601389
dw06,go,0.675213675,0.499713608,0.603601389
dw06,go,0.675213675,0.499713608,0.603601389
dw06,go,0.675213675,0.499713608,0.603601389
dw06,go,0.675213675,0.499713608,0.603601389
dw06,go,0.729411765,0.528913441,0.617731349
dw06,go,0.729411765,0.528913441,0.617731349
dw06,go,0.603550296,0.502200245,0.568456439
dw06,go,0.603550296,0.502200245,0.568456439
dw06,go,0.603550296,0.502200245,0.568456439
dw06,go,0.603550296,0.502200245,0.568456439
dw06,go,0.716463415,0.511579468,0.543510632
dw06,go,0.716463415,0.511579468,0.543510632
dw06,go,0.716463415,0.511579468,0.543510632
dw06,go,0.716463415,0.511579468,0.543510632
dw06,go,0.716463415,0.511579468,0.543510632
dw06,go,0.69,0.435679529,0.458940726
dw06,go,0.658536585,0.746154861,0.913287736
dw06,go,0.658536585,0.746154861,0.913287736
dw06,go,0.695238095,0.509142723,0.512587598
dw06,go,0.778894472,0.407957097,0.471065341
dw06,go,0.778894472,0.407957097,0.471065341
dw06,go,0.778894472,0.407957097,0.471065341
dw06,go,0.778894472,0.407957097,0.471065341
dw06,go,0.809782609,0.449977013,0.487005
dw06,go,0.809782609,0.449977013,0.487005
dw06,go,0.809782609,0.449977013,0.487005
dw06,go,0.809782609,0.449977013,0.487005
dw06,go,0.809782609,0.449977013,0.487005
dw06,go,0.719101124,0.491607617,0.514717
dw06,go,0.719101124,0.491607617,0.514717
dw06,go,0.719101124,0.491607617,0.514717
dw06,go,0.719101124,0.491607617,0.514717
dw06,go,0.719101124,0.491607617,0.514717
dw06,go,0.785440613,0.519930488,0.632533333
dw06,go,0.736111111,0.40731022,0.49566886
dw06,go,0.736111111,0.40731022,0.49566886
dw06,go,0.755952381,0.461007677,0.475686875
dw06,go,0.822429907,0.500096449,0.615013816
dw06,go,0.626666667,0.544706383,0.558652083
dw06,go,0.626666667,0.544706383,0.558652083
dw06,go,0.626666667,0.544706383,0.558652083
dw06,go,0.626666667,0.544706383,0.558652083
dw06,go,0.626666667,0.544706383,0.558652083
dw06,go,0.683823529,0.665886425,0.673276453
dw06,go,0.683823529,0.665886425,0.673276453
dw06,go,0.683823529,0.665886425,0.673276453
dw06,go,0.683823529,0.665886425,0.673276453
dw06,go,0.683823529,0.665886425,0.673276453
dw06,go,0.747863248,0.479357143,0.513876271
dw06,go,0.747863248,0.479357143,0.513876271
dw06,go,0.747863248,0.479357143,0.513876271
dw06,go,0.747863248,0.479357143,0.513876271
dw06,go,0.747863248,0.479357143,0.513876271
dw06,go,0.760162602,0.515022326,0.520797881
dw06,go,0.760162602,0.515022326,0.520797881
dw06,go,0.760162602,0.515022326,0.520797881
dw06,go,0.760162602,0.515022326,0.520797881
dw06,go,0.760162602,0.515022326,0.520797881
dw06,go,0.760162602,0.515022326,0.520797881
dw07,go,0.745689655,0.456595665,0.585069737
dw07,go,0.811764706,0.521388406,0.611761702
dw07,go,0.811764706,0.521388406,0.611761702
dw07,go,0.811764706,0.521388406,0.611761702
dw07,go,0.69858156,0.473044036,0.477794512
dw07,go,0.69858156,0.473044036,0.477794512
dw07,go,0.726153846,0.446624047,0.499766573
dw07,go,0.679245283,0.389180556,0.390403922
dw07,go,0.713043478,0.655616159,0.665699621
dw07,go,0.713043478,0.655616159,0.665699621
dw07,go,0.713043478,0.655616159,0.665699621
dw07,go,0.683431953,0.589567532,0.599285
dw07,go,0.683431953,0.589567532,0.599285
dw07,go,0.683431953,0.589567532,0.599285
dw07,go,0.712598425,0.561765055,0.590694863
dw07,go,0.745098039,0.61151102,0.746461
dw07,go,0.745098039,0.61151102,0.746461
dw07,go,0.745098039,0.61151102,0.746461
dw07,go,0.745098039,0.61151102,0.746461
dw07,go,0.68879668,0.46875753,0.513590333
dw07,go,0.68879668,0.46875753,0.513590333
dw07,go,0.68879668,0.46875753,0.513590333
dw07,go,0.62601626,0.712419805,0.728392582
dw07,go,0.62601626,0.712419805,0.728392582
dw07,go,0.699453552,0.63905,0.669146818
dw07,go,0.733333333,0.520206591,0.57203875
dw07,go,0.733333333,0.520206591,0.57203875
dw07,go,0.748691099,0.526011538,0.572605208
dw07,go,0.716894977,0.618884236,0.673180242
dw07,go,0.716894977,0.618884236,0.673180242
dw07,go,0.669354839,0.518549398,0.533478354
dw07,go,0.669354839,0.518549398,0.533478354
dw07,go,0.669354839,0.518549398,0.533478354
dw07,go,0.669354839,0.518549398,0.533478354
dw07,go,0.669354839,0.518549398,0.533478354
dw07,go,0.669354839,0.518549398,0.533478354
dw07,go,0.783216783,0.583277232,0.729399194
dw07,go,0.783216783,0.583277232,0.729399194
dw07,go,0.783216783,0.583277232,0.729399194
dw07,go,0.783216783,0.583277232,0.729399194
dw07,go,0.780141844,0.492243182,0.528791935
dw07,go,0.780141844,0.492243182,0.528791935
dw07,go,0.780141844,0.492243182,0.528791935
dw07,go,0.780141844,0.492243182,0.528791935
dw07,go,0.780141844,0.492243182,0.528791935
dw07,go,0.780141844,0.492243182,0.528791935
dw07,go,0.780141844,0.492243182,0.528791935
dw07,go,0.663265306,0.577813269,0.585580682
dw07,go,0.763636364,0.441172222,0.580310577
dw07,go,0.758364312,0.460960172,0.493246154
dw07,go,0.758364312,0.460960172,0.493246154
dw07,go,0.758364312,0.460960172,0.493246154
dw07,go,0.758364312,0.460960172,0.493246154
dw07,go,0.74691358,0.451215496,0.46992622
dw07,go,0.74691358,0.451215496,0.46992622
dw07,go,0.74691358,0.451215496,0.46992622
dw07,go,0.74691358,0.451215496,0.46992622
dw07,go,0.74691358,0.451215496,0.46992622
dw07,go,0.74691358,0.451215496,0.46992622
dw07,go,0.733905579,0.577676608,0.610840323
dw07,go,0.733905579,0.577676608,0.610840323
dw07,go,0.795275591,0.543682921,0.603869608
dw08,go,0.795275591,0.543682921,0.603869608
dw08,go,0.795275591,0.543682921,0.603869608
dw08,go,0.771428571,0.699297037,0.755539474
dw08,go,0.771428571,0.699297037,0.755539474
dw08,go,0.771428571,0.699297037,0.755539474
dw08,go,0.759776536,0.560169853,0.615062791
dw08,go,0.759776536,0.560169853,0.615062791
dw08,go,0.759776536,0.560169853,0.615062791
dw08,go,0.759776536,0.560169853,0.615062791
dw08,go,0.759776536,0.560169853,0.615062791
dw08,go,0.759776536,0.560169853,0.615062791
dw08,go,0.666666667,0.564379664,0.612162313
dw08,go,0.666666667,0.564379664,0.612162313
dw08,go,0.666666667,0.564379664,0.612162313
dw08,go,0.666666667,0.564379664,0.612162313
dw08,go,0.666666667,0.564379664,0.612162313
dw08,go,0.75862069,0.48019,0.526452899
dw08,go,0.75862069,0.48019,0.526452899
dw08,go,0.688953488,0.425556857,0.469449286
dw08,go,0.746130031,0.600079149,0.715837963
dw08,go,0.746130031,0.600079149,0.715837963
dw08,go,0.746130031,0.600079149,0.715837963
dw08,go,0.729083665,0.554468306,0.592499265
dw08,go,0.76119403,0.496056373,0.604611328
dw08,go,0.76119403,0.496056373,0.604611328
dw08,go,0.76119403,0.496056373,0.604611328
dw08,go,0.76119403,0.496056373,0.604611328
dw08,go,0.76119403,0.496056373,0.604611328
dw08,go,0.76119403,0.496056373,0.604611328
dw08,go,0.790322581,0.551941327,0.641309868
dw08,go,0.790322581,0.551941327,0.641309868
dw08,go,0.790322581,0.551941327,0.641309868
dw08,go,0.790322581,0.551941327,0.641309868
dw08,go,0.790322581,0.551941327,0.641309868
dw08,go,0.773584906,0.572279573,0.647645833
dw08,go,0.864321608,0.473051017,0.54372037
dw08,go,0.864321608,0.473051017,0.54372037
dw08,go,0.864321608,0.473051017,0.54372037
dw08,go,0.654545455,0.611930093,0.64968114
dw08,go,0.654545455,0.611930093,0.64968114
dw08,go,0.654545455,0.611930093,0.64968114
dw08,go,0.696850394,0.739966102,0.759670455
dw08,go,0.696850394,0.739966102,0.759670455
dw08,go,0.696850394,0.739966102,0.759670455
dw08,go,0.696850394,0.739966102,0.759670455
dw08,go,0.696850394,0.739966102,0.759670455
dw08,go,0.696850394,0.739966102,0.759670455
dw08,go,0.696850394,0.739966102,0.759670455
dw08,go,0.700636943,0.559603523,0.608592391
dw08,go,0.740932642,0.581098427,0.6362515
dw08,go,0.740932642,0.581098427,0.6362515
dw08,go,0.740932642,0.581098427,0.6362515
dw08,go,0.740932642,0.581098427,0.6362515
dw08,go,0.724444444,0.498197393,0.571547581
dw08,go,0.724444444,0.498197393,0.571547581
dw08,go,0.724444444,0.498197393,0.571547581
dw08,go,0.724444444,0.498197393,0.571547581
dw08,go,0.724444444,0.498197393,0.571547581
dw08,go,0.862068966,0.469326571,0.552342857
dw08,go,0.862068966,0.469326571,0.552342857
dw08,go,0.862068966,0.469326571,0.552342857
dw08,go,0.862068966,0.469326571,0.552342857
dw08,go,0.852564103,0.479780263,0.610101087
dw08,go,0.67027027,0.724302016,0.813882377
dw08,go,0.67027027,0.724302016,0.813882377
dw08,go,0.67027027,0.724302016,0.813882377
dw08,go,0.67027027,0.724302016,0.813882377
dw08,go,0.80625,0.60792345,0.624914516
dw08,go,0.80625,0.60792345,0.624914516
dw08,go,0.80625,0.60792345,0.624914516
dw08,go,0.80625,0.60792345,0.624914516
dw08,go,0.80625,0.60792345,0.624914516
dw08,go,0.830882353,0.524292146,0.610183523
dw08,go,0.784660767,0.525890602,0.627789583
dw08,go,0.77972028,0.456977578,0.504797222
dw08,go,0.77972028,0.456977578,0.504797222
dw08,go,0.77972028,0.456977578,0.504797222
dw08,go,0.77972028,0.456977578,0.504797222
dw08,go,0.77972028,0.456977578,0.504797222
dw08,go,0.772908367,0.462744201,0.518510088
dw08,go,0.772908367,0.462744201,0.518510088
dw08,go,0.772908367,0.462744201,0.518510088
dw08,go,0.772908367,0.462744201,0.518510088
dw08,go,0.772908367,0.462744201,0.518510088
dw08,go,0.804270463,0.639222456,0.742676364
dw08,go,0.705882353,0.55403375,0.662986735
dw08,go,0.705882353,0.55403375,0.662986735
dw08,go,0.705882353,0.55403375,0.662986735
dw08,go,0.705882353,0.55403375,0.662986735
dw08,go,0.719298246,0.538125,0.561452344
dw08,go,0.719298246,0.538125,0.561452344
dw08,go,0.719298246,0.538125,0.561452344
dw08,go,0.719298246,0.538125,0.561452344
dw08,go,0.719298246,0.538125,0.561452344
dw08,go,0.793103448,0.465924348,0.55205
dw08,go,0.793103448,0.465924348,0.55205
dw08,go,0.793103448,0.465924348,0.55205
dw08,go,0.800675676,0.598979325,0.730878947
dw08,go,0.800675676,0.598979325,0.730878947
dw08,go,0.800675676,0.598979325,0.730878947
dw08,go,0.800675676,0.598979325,0.730878947
dw08,go,0.800675676,0.598979325,0.730878947
dw08,go,0.800675676,0.598979325,0.730878947
dw08,go,0.759036145,0.531805754,0.589870625
dw08,go,0.759036145,0.531805754,0.589870625
dw08,go,0.759036145,0.531805754,0.589870625
dw08,go,0.759036145,0.531805754,0.589870625
dw08,go,0.759036145,0.531805754,0.589870625
dw08,go,0.759036145,0.531805754,0.589870625
dw08,go,0.8,0.416939063,0.466223958
dw08,go,0.869565217,0.64295625,0.767065476
dw08,go,0.718978102,0.476398096,0.522369737
dw08,go,0.718978102,0.476398096,0.522369737
dw08,go,0.718978102,0.476398096,0.522369737
dw08,go,0.718978102,0.476398096,0.522369737
dw08,go,0.718978102,0.476398096,0.522369737
dw08,go,0.718978102,0.476398096,0.522369737
dw08,go,0.665853659,0.45744478,0.499625547
dw08,go,0.665853659,0.45744478,0.499625547
dw08,go,0.665853659,0.45744478,0.499625547
dw08,go,0.665853659,0.45744478,0.499625547
dw08,go,0.665853659,0.45744478,0.499625547
dw08,go,0.665853659,0.45744478,0.499625547
dw08,go,0.665853659,0.45744478,0.499625547
dw08,go,0.724747475,0.523901394,0.561470833
dw08,go,0.724747475,0.523901394,0.561470833
dw08,go,0.724747475,0.523901394,0.561470833
dw09,go,0.724747475,0.523901394,0.561470833
dw09,go,0.724747475,0.523901394,0.561470833
dw09,go,0.724747475,0.523901394,0.561470833
dw09,go,0.792857143,0.611710135,0.683016667
dw09,go,0.792857143,0.611710135,0.683016667
dw09,go,0.792857143,0.611710135,0.683016667
dw09,go,0.792857143,0.611710135,0.683016667
dw09,go,0.781990521,0.642302424,0.684108696
dw09,go,0.781990521,0.642302424,0.684108696
dw09,go,0.781990521,0.642302424,0.684108696
dw09,go,0.781990521,0.642302424,0.684108696
dw01,stop,0.567010309,0.563956364,0.41172622
dw01,stop,0.567010309,0.563956364,0.41172622
dw01,stop,0.567010309,0.563956364,0.41172622
dw01,stop,0.816326531,0.608955,0.492555556
dw01,stop,0.816326531,0.608955,0.492555556
dw01,stop,0.816326531,0.608955,0.492555556
dw01,stop,0.59223301,0.662192213,0.46177375
dw01,stop,0.59223301,0.662192213,0.46177375
dw01,stop,0.59223301,0.662192213,0.46177375
dw01,stop,0.59223301,0.662192213,0.46177375
dw01,stop,0.59223301,0.662192213,0.46177375
dw01,stop,0.59223301,0.662192213,0.46177375
dw01,stop,0.616438356,0.613848889,0.461791071
dw01,stop,0.842105263,0.679466146,0.513194444
dw01,stop,0.842105263,0.679466146,0.513194444
dw01,stop,0.842105263,0.679466146,0.513194444
dw01,stop,0.842105263,0.679466146,0.513194444
dw01,stop,0.842105263,0.679466146,0.513194444
dw01,stop,0.533898305,0.631074603,0.398782727
dw01,stop,0.58974359,0.853063043,0.671103125
dw01,stop,0.58974359,0.853063043,0.671103125
dw01,stop,0.6,0.61938125,0.497902604
dw01,stop,0.6,0.61938125,0.497902604
dw01,stop,0.6,0.61938125,0.497902604
dw01,stop,0.6,0.61938125,0.497902604
dw01,stop,0.681818182,0.700021667,0.459745238
dw01,stop,0.637168142,0.784070486,0.591332317
dw01,stop,0.637168142,0.784070486,0.591332317
dw01,stop,0.637168142,0.784070486,0.591332317
dw01,stop,0.637168142,0.784070486,0.591332317
dw01,stop,0.637168142,0.784070486,0.591332317
dw01,stop,0.637168142,0.784070486,0.591332317
dw01,stop,0.661764706,0.824871111,0.734272826
dw01,stop,0.62962963,0.779702574,0.643873125
dw01,stop,0.62962963,0.779702574,0.643873125
dw01,stop,0.62962963,0.779702574,0.643873125
dw01,stop,0.62962963,0.779702574,0.643873125
dw01,stop,0.554455446,0.597782589,0.508290556
dw01,stop,0.554455446,0.597782589,0.508290556
dw01,stop,0.554455446,0.597782589,0.508290556
dw01,stop,0.554455446,0.597782589,0.508290556
dw01,stop,0.554455446,0.597782589,0.508290556
dw01,stop,0.554455446,0.597782589,0.508290556
dw01,stop,0.565517241,0.598275,0.500355242
dw01,stop,0.565517241,0.598275,0.500355242
dw01,stop,0.577981651,0.539859921,0.464525543
dw01,stop,0.577981651,0.539859921,0.464525543
dw01,stop,0.577981651,0.539859921,0.464525543
dw01,stop,0.577981651,0.539859921,0.464525543
dw01,stop,0.577981651,0.539859921,0.464525543
dw01,stop,0.577981651,0.539859921,0.464525543
dw01,stop,0.577981651,0.539859921,0.464525543
dw01,stop,0.744680851,0.622572857,0.350597917
dw01,stop,0.744680851,0.622572857,0.350597917
dw01,stop,0.744680851,0.622572857,0.350597917
dw01,stop,0.744680851,0.622572857,0.350597917
dw01,stop,0.733333333,0.652809091,0.4749375
dw01,stop,0.591836735,0.697405172,0.45012
dw01,stop,0.835616438,0.750493443,0.498491667
dw01,stop,0.835616438,0.750493443,0.498491667
dw01,stop,0.525423729,0.619858065,0.541925
dw01,stop,0.525423729,0.619858065,0.541925
dw01,stop,0.525423729,0.619858065,0.541925
dw01,stop,0.681818182,0.547069583,0.339382143
dw01,stop,0.681818182,0.547069583,0.339382143
dw01,stop,0.681818182,0.547069583,0.339382143
dw01,stop,0.681818182,0.547069583,0.339382143
dw01,stop,0.681818182,0.547069583,0.339382143
dw01,stop,0.496402878,0.537499638,0.403135714
dw01,stop,0.496402878,0.537499638,0.403135714
dw01,stop,0.496402878,0.537499638,0.403135714
dw01,stop,0.496402878,0.537499638,0.403135714
dw01,stop,0.496402878,0.537499638,0.403135714
dw01,stop,0.496402878,0.537499638,0.403135714
dw01,stop,0.53164557,0.626730952,0.479633784
dw01,stop,0.53164557,0.626730952,0.479633784
dw01,stop,0.53164557,0.626730952,0.479633784
dw01,stop,0.53164557,0.626730952,0.479633784
dw01,stop,0.478991597,0.757913158,0.61296129
dw01,stop,0.75,0.676525595,0.387066071
dw01,stop,0.75,0.676525595,0.387066071
dw01,stop,0.505376344,0.544948404,0.41981087
dw01,stop,0.505376344,0.544948404,0.41981087
dw01,stop,0.505376344,0.544948404,0.41981087
dw01,stop,0.505376344,0.544948404,0.41981087
dw01,stop,0.505376344,0.544948404,0.41981087
dw01,stop,0.505376344,0.544948404,0.41981087
dw01,stop,0.64516129,0.571883125,0.479815909
dw01,stop,0.64516129,0.571883125,0.479815909
dw01,stop,0.64516129,0.571883125,0.479815909
dw01,stop,0.64516129,0.571883125,0.479815909
dw01,stop,0.680412371,0.658595455,0.481269355
dw01,stop,0.680412371,0.658595455,0.481269355
dw01,stop,0.680412371,0.658595455,0.481269355
dw01,stop,0.680412371,0.658595455,0.481269355
dw01,stop,0.680412371,0.658595455,0.481269355
dw01,stop,0.714285714,0.642204286,0.488489286
dw01,stop,0.714285714,0.642204286,0.488489286
dw01,stop,0.714285714,0.642204286,0.488489286
dw01,stop,0.714285714,0.642204286,0.488489286
dw01,stop,0.714285714,0.642204286,0.488489286
dw01,stop,0.714285714,0.642204286,0.488489286
dw01,stop,0.666666667,0.550320833,0.419411905
dw01,stop,0.72173913,0.611068976,0.364716406
dw01,stop,0.72173913,0.611068976,0.364716406
dw01,stop,0.863636364,0.657614474,0.526558333
dw01,stop,0.863636364,0.657614474,0.526558333
dw01,stop,0.863636364,0.657614474,0.526558333
dw01,stop,0.576271186,0.845648529,0.832061957
dw01,stop,0.617647059,0.892904762,0.855544231
dw01,stop,0.666666667,0.835273295,0.763361364
dw01,stop,0.666666667,0.835273295,0.763361364
dw01,stop,0.666666667,0.835273295,0.763361364
dw01,stop,0.666666667,0.835273295,0.763361364
dw01,stop,0.666666667,0.835273295,0.763361364
dw01,stop,0.666666667,0.919357955,0.786818182
dw01,stop,0.666666667,0.919357955,0.786818182
dw01,stop,0.666666667,0.919357955,0.786818182
dw01,stop,0.666666667,0.919357955,0.786818182
dw01,stop,0.378378378,0.512146429,0.469009783
dw01,stop,0.588235294,0.5733275,0.513371429
dw01,stop,0.588235294,0.5733275,0.513371429
dw01,stop,0.588235294,0.5733275,0.513371429
dw01,stop,0.588235294,0.5733275,0.513371429
dw01,stop,0.588235294,0.5733275,0.513371429
dw01,stop,0.851851852,1.207573913,1.262108333
dw01,stop,0.69047619,0.930573276,0.651225
dw01,stop,0.823529412,0.81819375,0.705566667
dw01,stop,0.685714286,0.95525,0.907543182
dw01,stop,0.685714286,0.95525,0.907543182
dw01,stop,0.685714286,0.95525,0.907543182
dw01,stop,0.75,0.965325,0.711340909
dw01,stop,0.75,0.965325,0.711340909
dw01,stop,0.75,0.965325,0.711340909
dw01,stop,0.592592593,0.97854375,0.754772727
dw01,stop,0.592592593,0.97854375,0.754772727
dw01,stop,0.833333333,0.814366875,0.660940625
dw01,stop,0.833333333,0.814366875,0.660940625
dw01,stop,0.833333333,0.814366875,0.660940625
dw01,stop,0.775862069,0.776877778,0.649661538
dw01,stop,0.775862069,0.776877778,0.649661538
dw01,stop,0.775862069,0.776877778,0.649661538
dw01,stop,0.925925926,0.715748,0.460225
dw01,stop,0.793650794,0.743088,0.720457692
dw01,stop,0.793650794,0.743088,0.720457692
dw01,stop,0.793650794,0.743088,0.720457692
dw01,stop,0.490196078,1.26409,0.889979348
dw01,stop,0.571428571,0.741445536,0.69135119
dw01,stop,0.571428571,0.741445536,0.69135119
dw01,stop,0.504065041,0.712832258,0.597817213
dw01,stop,0.504065041,0.712832258,0.597817213
dw01,stop,0.504065041,0.712832258,0.597817213
dw01,stop,0.504065041,0.712832258,0.597817213
dw01,stop,0.504065041,0.712832258,0.597817213
dw01,stop,0.46031746,0.592371552,0.628668382
dw02,stop,0.46031746,0.592371552,0.628668382
dw02,stop,0.46031746,0.592371552,0.628668382
dw02,stop,0.46031746,0.592371552,0.628668382
dw02,stop,0.46031746,0.592371552,0.628668382
dw02,stop,0.46031746,0.592371552,0.628668382
dw02,stop,0.46031746,0.592371552,0.628668382
dw02,stop,0.511904762,0.517153488,0.40160061
dw02,stop,0.512195122,0.477719048,0.406251923
dw02,stop,0.512195122,0.477719048,0.406251923
dw02,stop,0.5,0.636266667,0.518711111
dw02,stop,0.5,0.636266667,0.518711111
dw02,stop,0.5,0.636266667,0.518711111
dw02,stop,0.604938272,0.706497959,0.487790625
dw02,stop,0.666666667,0.639360833,0.591955
dw02,stop,0.56,0.517752381,0.421287121
dw02,stop,0.56,0.517752381,0.421287121
dw02,stop,0.56,0.517752381,0.421287121
dw03,stop,0.56,0.517752381,0.421287121
dw05,stop,0.666666667,0.717957692,0.381728846
dw05,stop,0.666666667,0.717957692,0.381728846
dw05,stop,0.666666667,0.717957692,0.381728846
dw05,stop,0.744680851,0.686705714,0.7084
dw05,stop,0.744680851,0.686705714,0.7084
dw05,stop,0.744680851,0.686705714,0.7084
dw05,stop,0.560606061,0.72117973,0.669269643
dw05,stop,0.807692308,0.654485119,0.3951325
dw05,stop,0.317307692,0.706747727,0.602578
dw05,stop,0.317307692,0.706747727,0.602578
dw05,stop,0.318181818,0.924267857,0.777319318
dw05,stop,0.318181818,0.924267857,0.777319318
dw05,stop,0.318181818,0.924267857,0.777319318
dw05,stop,0.872340426,0.878082317,0.731720833
dw05,stop,0.529411765,0.656547222,0.595761161
dw05,stop,0.529411765,0.656547222,0.595761161
dw05,stop,0.529411765,0.656547222,0.595761161
dw05,stop,0.529411765,0.656547222,0.595761161
dw05,stop,0.529411765,0.656547222,0.595761161
dw05,stop,0.470588235,0.67889375,0.596893519
dw05,stop,0.470588235,0.67889375,0.596893519
dw05,stop,0.470588235,0.67889375,0.596893519
dw05,stop,0.470588235,0.67889375,0.596893519
dw05,stop,0.470588235,0.67889375,0.596893519
dw05,stop,0.470588235,0.67889375,0.596893519
dw05,stop,0.604651163,0.624690385,0.494873529
dw05,stop,0.604651163,0.624690385,0.494873529
dw05,stop,0.604651163,0.624690385,0.494873529
dw05,stop,0.604651163,0.624690385,0.494873529
dw05,stop,0.604651163,0.624690385,0.494873529
dw05,stop,0.604651163,0.624690385,0.494873529
dw05,stop,0.704545455,1.022684677,0.94836875
dw05,stop,0.650793651,0.763840244,0.414902273
dw05,stop,0.650793651,0.763840244,0.414902273
dw05,stop,0.724137931,0.791613095,0.500971875
dw05,stop,0.857142857,0.596644792,0.4182125
dw05,stop,0.857142857,0.596644792,0.4182125
dw05,stop,0.857142857,0.596644792,0.4182125
dw05,stop,0.857142857,0.596644792,0.4182125
dw06,stop,0.857142857,0.596644792,0.4182125
dw06,stop,0.776595745,0.676725,0.549341667
dw06,stop,0.776595745,0.676725,0.549341667
dw06,stop,0.602564103,0.608209574,0.52645
dw06,stop,0.602564103,0.608209574,0.52645
dw06,stop,0.602564103,0.608209574,0.52645
dw06,stop,0.602564103,0.608209574,0.52645
dw06,stop,0.602564103,0.608209574,0.52645
dw06,stop,0.602564103,0.608209574,0.52645
dw06,stop,0.548387097,0.594061765,0.486130357
dw06,stop,0.548387097,0.594061765,0.486130357
dw06,stop,0.548387097,0.594061765,0.486130357
dw06,stop,0.588888889,0.59592783,0.490308108
dw06,stop,0.588888889,0.59592783,0.490308108
dw06,stop,0.588888889,0.59592783,0.490308108
dw06,stop,0.588888889,0.59592783,0.490308108
dw06,stop,0.588888889,0.59592783,0.490308108
dw06,stop,0.588888889,0.59592783,0.490308108
dw06,stop,0.588888889,0.59592783,0.490308108
dw06,stop,0.588888889,0.59592783,0.490308108
dw06,stop,0.588888889,0.59592783,0.490308108
dw06,stop,0.588888889,0.59592783,0.490308108
dw06,stop,0.465753425,0.600375735,0.557991176
dw06,stop,0.46,0.674345652,0.4840275
dw06,stop,0.46,0.674345652,0.4840275
dw06,stop,0.482142857,0.640394444,0.442236207
dw06,stop,0.657142857,0.687508696,0.427679167
dw06,stop,0.657142857,0.687508696,0.427679167
dw06,stop,0.657142857,0.687508696,0.427679167
dw06,stop,0.704545455,0.637381452,0.471609615
dw06,stop,0.704545455,0.637381452,0.471609615
dw06,stop,0.704545455,0.637381452,0.471609615
dw06,stop,0.704545455,0.637381452,0.471609615
dw06,stop,0.704545455,0.637381452,0.471609615
dw06,stop,0.632653061,0.573242339,0.447035417
dw06,stop,0.632653061,0.573242339,0.447035417
dw06,stop,0.632653061,0.573242339,0.447035417
dw06,stop,0.632653061,0.573242339,0.447035417
dw06,stop,0.632653061,0.573242339,0.447035417
dw06,stop,0.873239437,0.64222379,0.43765
dw06,stop,0.873239437,0.64222379,0.43765
dw06,stop,0.873239437,0.64222379,0.43765
dw06,stop,0.469565217,0.649581019,0.578963525
dw06,stop,0.693548387,0.664062791,0.553644737
dw06,stop,0.693548387,0.664062791,0.553644737
dw06,stop,0.693548387,0.664062791,0.553644737
dw06,stop,0.604938272,0.619638776,0.517353125
dw06,stop,0.604938272,0.619638776,0.517353125
dw06,stop,0.604938272,0.619638776,0.517353125
dw06,stop,0.604938272,0.619638776,0.517353125
dw06,stop,0.604938272,0.619638776,0.517353125
dw06,stop,0.604938272,0.619638776,0.517353125
dw06,stop,0.604938272,0.619638776,0.517353125
dw06,stop,0.604938272,0.619638776,0.517353125
dw06,stop,0.604938272,0.619638776,0.517353125
dw06,stop,0.549295775,0.42433141,0.324763281
dw06,stop,0.549295775,0.42433141,0.324763281
dw06,stop,0.549295775,0.42433141,0.324763281
dw06,stop,0.567567568,0.569520833,0.386334375
dw06,stop,0.567567568,0.569520833,0.386334375
dw06,stop,0.756756757,0.604071429,0.419866667
dw06,stop,0.766666667,0.667136957,0.459475
dw06,stop,0.616438356,0.605852222,0.476084821
dw06,stop,0.616438356,0.605852222,0.476084821
dw06,stop,0.616438356,0.605852222,0.476084821
dw06,stop,0.616438356,0.605852222,0.476084821
dw06,stop,0.616438356,0.605852222,0.476084821
dw06,stop,0.616438356,0.605852222,0.476084821
dw06,stop,0.616438356,0.605852222,0.476084821
dw06,stop,0.655172414,0.686494298,0.522187037
dw06,stop,0.655172414,0.686494298,0.522187037
dw06,stop,0.714285714,0.65137875,0.53021875
dw06,stop,0.714285714,0.65137875,0.53021875
dw06,stop,0.714285714,0.65137875,0.53021875
dw06,stop,0.714285714,0.65137875,0.53021875
dw06,stop,0.632183908,0.613541364,0.510648387
dw06,stop,0.632183908,0.613541364,0.510648387
dw06,stop,0.632183908,0.613541364,0.510648387
dw06,stop,0.632183908,0.613541364,0.510648387
dw06,stop,0.632183908,0.613541364,0.510648387
dw06,stop,0.717391304,0.617395455,0.316513462
dw06,stop,0.924528302,0.814803061,0.703891667
dw06,stop,0.924528302,0.814803061,0.703891667
dw06,stop,0.718181818,0.646360127,0.407634167
dw06,stop,0.453488372,0.5465,0.426488587
dw06,stop,0.453488372,0.5465,0.426488587
dw06,stop,0.453488372,0.5465,0.426488587
dw06,stop,0.453488372,0.5465,0.426488587
dw06,stop,0.448717949,0.563946429,0.469127907
dw06,stop,0.448717949,0.563946429,0.469127907
dw06,stop,0.448717949,0.563946429,0.469127907
dw06,stop,0.448717949,0.563946429,0.469127907
dw06,stop,0.448717949,0.563946429,0.469127907
dw06,stop,0.530612245,0.571921154,0.436180435
dw06,stop,0.530612245,0.571921154,0.436180435
dw06,stop,0.530612245,0.571921154,0.436180435
dw06,stop,0.530612245,0.571921154,0.436180435
dw06,stop,0.530612245,0.571921154,0.436180435
dw06,stop,0.527472527,0.6956375,0.4842
dw06,stop,0.763636364,0.538456548,0.327413462
dw06,stop,0.763636364,0.538456548,0.327413462
dw06,stop,0.770833333,0.560197297,0.4074
dw06,stop,0.6875,0.643360795,0.4471725
dw06,stop,0.75,0.641284615,0.455076923
dw06,stop,0.75,0.641284615,0.455076923
dw06,stop,0.75,0.641284615,0.455076923
dw06,stop,0.75,0.641284615,0.455076923
dw06,stop,0.75,0.641284615,0.455076923
dw06,stop,0.791044776,0.811065094,0.636373214
dw06,stop,0.791044776,0.811065094,0.636373214
dw06,stop,0.791044776,0.811065094,0.636373214
dw06,stop,0.791044776,0.811065094,0.636373214
dw06,stop,0.791044776,0.811065094,0.636373214
dw06,stop,0.644736842,0.639533673,0.47057963
dw06,stop,0.644736842,0.639533673,0.47057963
dw06,stop,0.644736842,0.639533673,0.47057963
dw06,stop,0.644736842,0.639533673,0.47057963
dw06,stop,0.644736842,0.639533673,0.47057963
dw06,stop,0.616666667,0.67482973,0.444315217
dw06,stop,0.616666667,0.67482973,0.444315217
dw06,stop,0.616666667,0.67482973,0.444315217
dw06,stop,0.616666667,0.67482973,0.444315217
dw06,stop,0.616666667,0.67482973,0.444315217
dw06,stop,0.616666667,0.67482973,0.444315217
dw07,stop,0.536231884,0.721855405,0.379478906
dw07,stop,0.686046512,0.676900424,0.51370463
dw07,stop,0.686046512,0.676900424,0.51370463
dw07,stop,0.686046512,0.676900424,0.51370463
dw07,stop,0.586206897,0.553069608,0.474029286
dw07,stop,0.586206897,0.553069608,0.474029286
dw07,stop,0.625,0.562583,0.400833333
dw07,stop,0.710526316,0.446413889,0.293404545
dw07,stop,0.897959184,0.774501136,0.607025
dw07,stop,0.897959184,0.774501136,0.607025
dw07,stop,0.897959184,0.774501136,0.607025
dw07,stop,0.9,0.686897222,0.58982
dw07,stop,0.9,0.686897222,0.58982
dw07,stop,0.9,0.686897222,0.58982
dw07,stop,0.848484848,0.650196875,0.48873
dw07,stop,0.677419355,0.755892857,0.60357
dw07,stop,0.677419355,0.755892857,0.60357
dw07,stop,0.677419355,0.755892857,0.60357
dw07,stop,0.677419355,0.755892857,0.60357
dw07,stop,0.569620253,0.576166111,0.476489706
dw07,stop,0.569620253,0.576166111,0.476489706
dw07,stop,0.569620253,0.576166111,0.476489706
dw07,stop,0.73015873,0.778250543,0.588754412
dw07,stop,0.73015873,0.778250543,0.588754412
dw07,stop,0.56097561,0.802402174,0.551005556
dw07,stop,0.757575758,0.615987,0.43735
dw07,stop,0.757575758,0.615987,0.43735
dw07,stop,0.75,0.732027083,0.496603125
dw07,stop,0.822222222,0.701175,0.52435625
dw07,stop,0.822222222,0.701175,0.52435625
dw07,stop,0.87755102,0.676625581,0.447241667
dw07,stop,0.87755102,0.676625581,0.447241667
dw07,stop,0.87755102,0.676625581,0.447241667
dw07,stop,0.87755102,0.676625581,0.447241667
dw07,stop,0.87755102,0.676625581,0.447241667
dw07,stop,0.87755102,0.676625581,0.447241667
dw07,stop,0.784615385,0.863469608,0.487294643
dw07,stop,0.784615385,0.863469608,0.487294643
dw07,stop,0.784615385,0.863469608,0.487294643
dw07,stop,0.784615385,0.863469608,0.487294643
dw07,stop,0.740740741,0.628026875,0.409444643
dw07,stop,0.740740741,0.628026875,0.409444643
dw07,stop,0.740740741,0.628026875,0.409444643
dw07,stop,0.740740741,0.628026875,0.409444643
dw07,stop,0.740740741,0.628026875,0.409444643
dw07,stop,0.740740741,0.628026875,0.409444643
dw07,stop,0.740740741,0.628026875,0.409444643
dw07,stop,0.78125,0.606995,0.43285
dw07,stop,0.516129032,0.670823438,0.390123333
dw07,stop,0.602272727,0.547281604,0.393332857
dw07,stop,0.602272727,0.547281604,0.393332857
dw07,stop,0.602272727,0.547281604,0.393332857
dw07,stop,0.602272727,0.547281604,0.393332857
dw07,stop,0.465517241,0.555725926,0.453961885
dw07,stop,0.465517241,0.555725926,0.453961885
dw07,stop,0.465517241,0.555725926,0.453961885
dw07,stop,0.465517241,0.555725926,0.453961885
dw07,stop,0.465517241,0.555725926,0.453961885
dw07,stop,0.465517241,0.555725926,0.453961885
dw07,stop,0.583333333,0.644611905,0.438429167
dw07,stop,0.583333333,0.644611905,0.438429167
dw07,stop,0.647058824,0.701599432,0.473390625
dw08,stop,0.647058824,0.701599432,0.473390625
dw08,stop,0.647058824,0.701599432,0.473390625
dw08,stop,0.644444444,0.738466379,0.642914062
dw08,stop,0.644444444,0.738466379,0.642914062
dw08,stop,0.644444444,0.738466379,0.642914062
dw08,stop,0.65060241,0.750394444,0.51960431
dw08,stop,0.65060241,0.750394444,0.51960431
dw08,stop,0.65060241,0.750394444,0.51960431
dw08,stop,0.65060241,0.750394444,0.51960431
dw08,stop,0.65060241,0.750394444,0.51960431
dw08,stop,0.65060241,0.750394444,0.51960431
dw08,stop,0.694444444,0.787267,0.405040909
dw08,stop,0.694444444,0.787267,0.405040909
dw08,stop,0.694444444,0.787267,0.405040909
dw08,stop,0.694444444,0.787267,0.405040909
dw08,stop,0.694444444,0.787267,0.405040909
dw08,stop,0.529411765,0.713152315,0.410267708
dw08,stop,0.529411765,0.713152315,0.410267708
dw08,stop,0.621359223,0.585478125,0.340505128
dw08,stop,0.77,0.761643831,0.503748864
dw08,stop,0.77,0.761643831,0.503748864
dw08,stop,0.77,0.761643831,0.503748864
dw08,stop,0.824561404,0.618182979,0.478119444
dw08,stop,0.541176471,0.652836413,0.425933974
dw08,stop,0.541176471,0.652836413,0.425933974
dw08,stop,0.541176471,0.652836413,0.425933974
dw08,stop,0.541176471,0.652836413,0.425933974
dw08,stop,0.541176471,0.652836413,0.425933974
dw08,stop,0.541176471,0.652836413,0.425933974
dw08,stop,0.552631579,0.724660714,0.544809559
dw08,stop,0.552631579,0.724660714,0.544809559
dw08,stop,0.552631579,0.724660714,0.544809559
dw08,stop,0.552631579,0.724660714,0.544809559
dw08,stop,0.552631579,0.724660714,0.544809559
dw08,stop,0.790697674,0.654819118,0.500233333
dw08,stop,0.676923077,0.558202841,0.423561905
dw08,stop,0.676923077,0.558202841,0.423561905
dw08,stop,0.676923077,0.558202841,0.423561905
dw08,stop,0.956521739,0.7492125,0.3935
dw08,stop,0.956521739,0.7492125,0.3935
dw08,stop,0.956521739,0.7492125,0.3935
dw08,stop,0.974358974,0.848763816,0.216425
dw08,stop,0.974358974,0.848763816,0.216425
dw08,stop,0.974358974,0.848763816,0.216425
dw08,stop,0.974358974,0.848763816,0.216425
dw08,stop,0.974358974,0.848763816,0.216425
dw08,stop,0.974358974,0.848763816,0.216425
dw08,stop,0.974358974,0.848763816,0.216425
dw08,stop,0.68,0.712729779,0.531644355
dw08,stop,0.526315789,0.737944375,0.555717361
dw08,stop,0.526315789,0.737944375,0.555717361
dw08,stop,0.526315789,0.737944375,0.555717361
dw08,stop,0.526315789,0.737944375,0.555717361
dw08,stop,0.552631579,0.61851369,0.449338971
dw08,stop,0.552631579,0.61851369,0.449338971
dw08,stop,0.552631579,0.61851369,0.449338971
dw08,stop,0.552631579,0.61851369,0.449338971
dw08,stop,0.552631579,0.61851369,0.449338971
dw08,stop,0.701754386,0.601958125,0.42135
dw08,stop,0.701754386,0.601958125,0.42135
dw08,stop,0.701754386,0.601958125,0.42135
dw08,stop,0.701754386,0.601958125,0.42135
dw08,stop,0.810810811,0.578889167,0.409367857
dw08,stop,0.928571429,0.792371795,0.192775
dw08,stop,0.928571429,0.792371795,0.192775
dw08,stop,0.928571429,0.792371795,0.192775
dw08,stop,0.928571429,0.792371795,0.192775
dw08,stop,0.806451613,0.78637,0.149104167
dw08,stop,0.806451613,0.78637,0.149104167
dw08,stop,0.806451613,0.78637,0.149104167
dw08,stop,0.806451613,0.78637,0.149104167
dw08,stop,0.806451613,0.78637,0.149104167
dw08,stop,0.625,0.673540625,0.524321739
dw08,stop,0.669724771,0.684821233,0.461912143
dw08,stop,0.610526316,0.612178879,0.368584028
dw08,stop,0.610526316,0.612178879,0.368584028
dw08,stop,0.610526316,0.612178879,0.368584028
dw08,stop,0.610526316,0.612178879,0.368584028
dw08,stop,0.610526316,0.612178879,0.368584028
dw08,stop,0.553846154,0.5337,0.391811207
dw08,stop,0.553846154,0.5337,0.391811207
dw08,stop,0.553846154,0.5337,0.391811207
dw08,stop,0.553846154,0.5337,0.391811207
dw08,stop,0.553846154,0.5337,0.391811207
dw08,stop,0.75,0.75842381,0.549653571
dw08,stop,0.621212121,0.668314634,0.436779
dw08,stop,0.621212121,0.668314634,0.436779
dw08,stop,0.621212121,0.668314634,0.436779
dw08,stop,0.621212121,0.668314634,0.436779
dw08,stop,0.637931034,0.722952027,0.419833333
dw08,stop,0.637931034,0.722952027,0.419833333
dw08,stop,0.637931034,0.722952027,0.419833333
dw08,stop,0.637931034,0.722952027,0.419833333
dw08,stop,0.637931034,0.722952027,0.419833333
dw08,stop,0.595238095,0.581781,0.508869118
dw08,stop,0.595238095,0.581781,0.508869118
dw08,stop,0.595238095,0.581781,0.508869118
dw08,stop,0.657894737,0.779821,0.590752885
dw08,stop,0.657894737,0.779821,0.590752885
dw08,stop,0.657894737,0.779821,0.590752885
dw08,stop,0.657894737,0.779821,0.590752885
dw08,stop,0.657894737,0.779821,0.590752885
dw08,stop,0.657894737,0.779821,0.590752885
dw08,stop,0.66,0.668265909,0.410522059
dw08,stop,0.66,0.668265909,0.410522059
dw08,stop,0.66,0.668265909,0.410522059
dw08,stop,0.66,0.668265909,0.410522059
dw08,stop,0.66,0.668265909,0.410522059
dw08,stop,0.66,0.668265909,0.410522059
dw08,stop,0.717391304,0.522532576,0.384690385
dw08,stop,0.818181818,0.717943056,0.62021875
dw08,stop,0.613636364,0.603890741,0.437926471
dw08,stop,0.613636364,0.603890741,0.437926471
dw08,stop,0.613636364,0.603890741,0.437926471
dw08,stop,0.613636364,0.603890741,0.437926471
dw08,stop,0.613636364,0.603890741,0.437926471
dw08,stop,0.613636364,0.603890741,0.437926471
dw08,stop,0.661290323,0.568345122,0.386360714
dw08,stop,0.661290323,0.568345122,0.386360714
dw08,stop,0.661290323,0.568345122,0.386360714
dw08,stop,0.661290323,0.568345122,0.386360714
dw08,stop,0.661290323,0.568345122,0.386360714
dw08,stop,0.661290323,0.568345122,0.386360714
dw08,stop,0.661290323,0.568345122,0.386360714
dw08,stop,0.505617978,0.803341667,0.458771875
dw08,stop,0.505617978,0.803341667,0.458771875
dw08,stop,0.505617978,0.803341667,0.458771875
dw09,stop,0.505617978,0.803341667,0.458771875
dw09,stop,0.505617978,0.803341667,0.458771875
dw09,stop,0.505617978,0.803341667,0.458771875
dw09,stop,0.722222222,0.779941346,0.522945
dw09,stop,0.722222222,0.779941346,0.522945
dw09,stop,0.722222222,0.779941346,0.522945
dw09,stop,0.722222222,0.779941346,0.522945
dw09,stop,0.871794872,0.768261765,0.497225
dw09,stop,0.871794872,0.768261765,0.497225
dw09,stop,0.871794872,0.768261765,0.497225
dw09,stop,0.871794872,0.768261765,0.497225
